<?xml version="1.0" encoding="UTF-8"?>
<project-private xmlns="http://www.netbeans.org/ns/project-private/1">
    <editor-bookmarks xmlns="http://www.netbeans.org/ns/editor-bookmarks/2" lastBookmarkId="0"/>
    <open-files xmlns="http://www.netbeans.org/ns/projectui-open-files/2">
        <group>
            <file>file:/C:/Users/sawicky/Documents/NetBeansProjects/WSD-project/web/main.jsp</file>
            <file>file:/C:/Users/sawicky/Documents/NetBeansProjects/WSD-project/src/java/uts/wsd/Tutor.java</file>
            <file>file:/C:/Users/sawicky/Documents/NetBeansProjects/WSD-project/web/register.jsp</file>
        </group>
    </open-files>
</project-private>
